categoria,nombre,descripcion,imagen_url
boda,"Boda Premium - Modelo 1",,/Decoraciones/DECORACION/BODA/WhatsApp Image 2026-04-15 at 1.22.36 PM.jpeg
boda,"Boda Exclusivo - Modelo 2",,/Decoraciones/DECORACION/BODA/WhatsApp Image 2026-04-15 at 1.22.53 PM (2).jpeg
babyshower,"Mobiliario Rosa y Blanco Tematica de Bebe",,/Decoraciones/DECORACION/DECORACION DE EVENTOS/DECORACION TEMATICA/BABYSHOWER/MOBILIARIO ROSA Y BLANCO TEMATICA DE BEBE.jpeg
babyshower,"Babyshower Premium - Modelo 1",,/Decoraciones/DECORACION/DECORACION DE EVENTOS/DECORACION TEMATICA/BABYSHOWER/WhatsApp Image 2026-04-15 at 1.21.57 PM.jpeg
babyshower,"Babyshower Exclusivo - Modelo 2",,/Decoraciones/DECORACION/DECORACION DE EVENTOS/DECORACION TEMATICA/BABYSHOWER/WhatsApp Image 2026-04-15 at 1.22.11 PM (1).jpeg
babyshower,"Babyshower Hermoso - Modelo 3",,/Decoraciones/DECORACION/DECORACION DE EVENTOS/DECORACION TEMATICA/BABYSHOWER/WhatsApp Image 2026-04-15 at 1.22.12 PM (3).jpeg
babyshower,"Babyshower Especial - Modelo 4",,/Decoraciones/DECORACION/DECORACION DE EVENTOS/DECORACION TEMATICA/BABYSHOWER/WhatsApp Image 2026-04-15 at 1.22.15 PM (2).jpeg
babyshower,"Babyshower Personalizado - Modelo 5",,/Decoraciones/DECORACION/DECORACION DE EVENTOS/DECORACION TEMATICA/BABYSHOWER/WhatsApp Image 2026-04-15 at 1.22.15 PM (3).jpeg
babyshower,"Babyshower Moderno - Modelo 6",,/Decoraciones/DECORACION/DECORACION DE EVENTOS/DECORACION TEMATICA/BABYSHOWER/WhatsApp Image 2026-04-15 at 1.22.24 PM.jpeg
babyshower,"Babyshower Elegante - Modelo 7",,/Decoraciones/DECORACION/DECORACION DE EVENTOS/DECORACION TEMATICA/BABYSHOWER/WhatsApp Image 2026-04-15 at 1.22.25 PM (1).jpeg
babyshower,"Babyshower Premium - Modelo 8",,/Decoraciones/DECORACION/DECORACION DE EVENTOS/DECORACION TEMATICA/BABYSHOWER/WhatsApp Image 2026-04-15 at 1.22.27 PM (3).jpeg
babyshower,"Babyshower Exclusivo - Modelo 9",,/Decoraciones/DECORACION/DECORACION DE EVENTOS/DECORACION TEMATICA/BABYSHOWER/WhatsApp Image 2026-04-15 at 1.22.33 PM (3).jpeg
babyshower,"Fiesta Infantil Exclusivo - Modelo 2",,/Decoraciones/DECORACION/DECORACION DE EVENTOS/DECORACION TEMATICA/FIESTA INFANTIL/WhatsApp Image 2026-04-15 at 1.22.13 PM (1).jpeg
bautizos,"Arco de Globos + Arreglo de Flores Bautizo",,/Decoraciones/DECORACION/DECORACION DE EVENTOS/DECORACION TEMATICA/Bautizos/ARCO DE GLOBOS + ARREGLO DE FLORES BAUTIZO.jpeg
bautizos,"Arco de Globos Celeste y Blanco",,/Decoraciones/DECORACION/DECORACION DE EVENTOS/DECORACION TEMATICA/Bautizos/ARCO DE GLOBOS CELESTE-BLANCO.jpeg
bautizos,"Arco de Globos Rosado y Bautizo",,/Decoraciones/DECORACION/DECORACION DE EVENTOS/DECORACION TEMATICA/Bautizos/ARCO DE GLOBOS ROSADO-BAUTIZO.jpeg
bautizos,"Bautizo",,/Decoraciones/DECORACION/DECORACION DE EVENTOS/DECORACION TEMATICA/Bautizos/BAUTIZO.jpeg
bautizos,"Bautizos Premium - Modelo 1",,/Decoraciones/DECORACION/DECORACION DE EVENTOS/DECORACION TEMATICA/Bautizos/WhatsApp Image 2026-04-15 at 1.22.14 PM (3).jpeg
bautizos,"Bautizos Exclusivo - Modelo 2",,/Decoraciones/DECORACION/DECORACION DE EVENTOS/DECORACION TEMATICA/Bautizos/WhatsApp Image 2026-04-15 at 1.22.51 PM (1).jpeg
fiesta-infantil,"Arco de Globos Hello Kitty",,/Decoraciones/DECORACION/DECORACION DE EVENTOS/DECORACION TEMATICA/FIESTA INFANTIL/ARCO DE GLOBOS HELLO KITTY.jpeg
fiesta-infantil,"Decoracion con Globos de Princesa",,/Decoraciones/DECORACION/DECORACION DE EVENTOS/DECORACION TEMATICA/FIESTA INFANTIL/DECORACION CON GLOBOS DE PRINCESA.jpeg
fiesta-infantil,"Paw Patrol",,/Decoraciones/DECORACION/DECORACION DE EVENTOS/DECORACION TEMATICA/FIESTA INFANTIL/PAW PATROL.jpeg
fiesta-infantil,"Thumbnail",,/Decoraciones/DECORACION/DECORACION DE EVENTOS/DECORACION TEMATICA/FIESTA INFANTIL/thumbnail.jpeg
fiesta-infantil,"Fiesta Infantil Premium - Modelo 1",,/Decoraciones/DECORACION/DECORACION DE EVENTOS/DECORACION TEMATICA/FIESTA INFANTIL/WhatsApp Image 2026-04-15 at 1.21.25 PM.jpeg
fiesta-infantil,"Fiesta Infantil Especial - Modelo 4",,/Decoraciones/DECORACION/DECORACION DE EVENTOS/DECORACION TEMATICA/FIESTA INFANTIL/WhatsApp Image 2026-04-15 at 1.22.22 PM (3).jpeg
fiesta-infantil,"Fiesta Infantil Personalizado - Modelo 5",,/Decoraciones/DECORACION/DECORACION DE EVENTOS/DECORACION TEMATICA/FIESTA INFANTIL/WhatsApp Image 2026-04-15 at 1.22.22 PM.jpeg
fiesta-infantil,"Fiesta Infantil Moderno - Modelo 6",,/Decoraciones/DECORACION/DECORACION DE EVENTOS/DECORACION TEMATICA/FIESTA INFANTIL/WhatsApp Image 2026-04-15 at 1.22.23 PM.jpeg
fiesta-infantil,"Fiesta Infantil Elegante - Modelo 7",,/Decoraciones/DECORACION/DECORACION DE EVENTOS/DECORACION TEMATICA/FIESTA INFANTIL/WhatsApp Image 2026-04-15 at 1.22.28 PM (1).jpeg
fiesta-infantil,"Fiesta Infantil Premium - Modelo 8",,/Decoraciones/DECORACION/DECORACION DE EVENTOS/DECORACION TEMATICA/FIESTA INFANTIL/WhatsApp Image 2026-04-15 at 1.22.31 PM (3).jpeg
fiesta-infantil,"Fiesta Infantil Exclusivo - Modelo 9",,/Decoraciones/DECORACION/DECORACION DE EVENTOS/DECORACION TEMATICA/FIESTA INFANTIL/WhatsApp Image 2026-04-15 at 1.22.32 PM.jpeg
fiesta-infantil,"Fiesta Infantil Hermoso - Modelo 10",,/Decoraciones/DECORACION/DECORACION DE EVENTOS/DECORACION TEMATICA/FIESTA INFANTIL/WhatsApp Image 2026-04-15 at 1.22.33 PM (1).jpeg
fiesta-infantil,"Fiesta Infantil Especial - Modelo 11",,/Decoraciones/DECORACION/DECORACION DE EVENTOS/DECORACION TEMATICA/FIESTA INFANTIL/WhatsApp Image 2026-04-15 at 1.22.34 PM (2).jpeg
fiesta-infantil,"Fiesta Infantil Personalizado - Modelo 12",,/Decoraciones/DECORACION/DECORACION DE EVENTOS/DECORACION TEMATICA/FIESTA INFANTIL/WhatsApp Image 2026-04-15 at 1.22.36 PM (2).jpeg
fiesta-infantil,"Fiesta Infantil Moderno - Modelo 13",,/Decoraciones/DECORACION/DECORACION DE EVENTOS/DECORACION TEMATICA/FIESTA INFANTIL/WhatsApp Image 2026-04-15 at 1.22.39 PM (1).jpeg
fiesta-infantil,"Fiesta Infantil Elegante - Modelo 14",,/Decoraciones/DECORACION/DECORACION DE EVENTOS/DECORACION TEMATICA/FIESTA INFANTIL/WhatsApp Image 2026-04-15 at 1.22.43 PM (3).jpeg
fiesta-infantil,"Fiesta Infantil Premium - Modelo 15",,/Decoraciones/DECORACION/DECORACION DE EVENTOS/DECORACION TEMATICA/FIESTA INFANTIL/WhatsApp Image 2026-04-15 at 1.22.46 PM (1).jpeg
fiesta-infantil,"Fiesta Infantil Exclusivo - Modelo 16",,/Decoraciones/DECORACION/DECORACION DE EVENTOS/DECORACION TEMATICA/FIESTA INFANTIL/WhatsApp Image 2026-04-15 at 1.22.51 PM (2).jpeg
decoracion-romantica-de-habitacion,"Decoracion de Globos y Petalos de Rosa Azul y Plateado",,/Decoraciones/DECORACION/DECORACION ROMANTICA DE HABITACION/DECORACION DE GLOBOS Y PETALOS DE ROSA AZUL-PLATEADO.jpeg
decoracion-romantica-de-habitacion,"Decoracion Romantica De Habitacion Premium - Modelo 1",,/Decoraciones/DECORACION/DECORACION ROMANTICA DE HABITACION/WhatsApp Image 2026-04-15 at 1.22.12 PM (2).jpeg
decoracion-romantica-de-habitacion,"Decoracion Romantica De Habitacion Exclusivo - Modelo 2",,/Decoraciones/DECORACION/DECORACION ROMANTICA DE HABITACION/WhatsApp Image 2026-04-15 at 1.22.13 PM (2).jpeg
decoracion-romantica-de-habitacion,"Decoracion Romantica De Habitacion Hermoso - Modelo 3",,/Decoraciones/DECORACION/DECORACION ROMANTICA DE HABITACION/WhatsApp Image 2026-04-15 at 1.22.16 PM (1).jpeg
decoracion-romantica-de-habitacion,"Decoracion Romantica De Habitacion Especial - Modelo 4",,/Decoraciones/DECORACION/DECORACION ROMANTICA DE HABITACION/WhatsApp Image 2026-04-15 at 1.22.18 PM.jpeg
decoracion-romantica-de-habitacion,"Decoracion Romantica De Habitacion Personalizado - Modelo 5",,/Decoraciones/DECORACION/DECORACION ROMANTICA DE HABITACION/WhatsApp Image 2026-04-15 at 1.22.19 PM (2).jpeg
decoracion-romantica-de-habitacion,"Decoracion Romantica De Habitacion Moderno - Modelo 6",,/Decoraciones/DECORACION/DECORACION ROMANTICA DE HABITACION/WhatsApp Image 2026-04-15 at 1.22.21 PM.jpeg
decoraciones,"Arco de Flores Azul y Dorado + Fondo Doble + Letrero de Luces",,/Decoraciones/DECORACION/DECORACIONES/ARCO DE FLORES AZUL-DORADO + FONDO DOBLE + LETRERO DE LUCES.jpeg
decoraciones,"Arco de Flores Azul y Dorado con Mobiliario Azules",,/Decoraciones/DECORACION/DECORACIONES/ARCO DE FLORES AZUL-DORADO CON MOBILIARIO AZULES.jpeg
decoraciones,"Arco de Flores con Mobiliario Dorado y Blanco",,/Decoraciones/DECORACION/DECORACIONES/ARCO DE FLORES CON MOBILIARIO DORADO Y BLANCO.jpeg
decoraciones,"Arco de Flores Rosado",,/Decoraciones/DECORACION/DECORACIONES/ARCO DE FLORES ROSADO.jpeg
decoraciones,"Arco de Flores Universitario",,/Decoraciones/DECORACION/DECORACIONES/ARCO DE FLORES UNIVERSITARIO.jpeg
decoraciones,"Arco de Globos Azul, Blanco y Dorado",,/Decoraciones/DECORACION/DECORACIONES/ARCO DE GLOBOS AZUL-BLANCO-DORADO.jpeg
decoraciones,"Arco de Globos con Flores Dorado y Rosado",,/Decoraciones/DECORACION/DECORACIONES/ARCO DE GLOBOS CON FLORES DORADO-ROSADO.jpeg
decoraciones,"Arco de Globos con Hojas Doradas",,/Decoraciones/DECORACION/DECORACIONES/ARCO DE GLOBOS CON HOJAS DORADAS.jpeg
decoraciones,"Arco de Globos con Letreros de Luces + Arreglo de Flores",,/Decoraciones/DECORACION/DECORACIONES/ARCO DE GLOBOS CON LETREROS DE LUCES + ARREGLO DE FLORES.jpeg
decoraciones,"Arco de Globos con Letreros Neon + Mobiliario Transparente",,/Decoraciones/DECORACION/DECORACIONES/ARCO DE GLOBOS CON LETREROS NEON + MOBILIARIO TRANSPARENTE.jpeg
decoraciones,"Arco de Globos Crema, Dorado y Rosado",,/Decoraciones/DECORACION/DECORACIONES/ARCO DE GLOBOS CREMA-DORADO-ROSADO.jpeg
decoraciones,"Arco de Globos Del Real Madrid",,/Decoraciones/DECORACION/DECORACIONES/ARCO DE GLOBOS DEL REAL MADRID.jpeg
decoraciones,"Arco de Globos Doble con Fondo Personalizado Rojo, Blanco y Plateado",,/Decoraciones/DECORACION/DECORACIONES/ARCO DE GLOBOS DOBLE CON FONDO PERSONALIZADO ROJO-BLANCO-PLATEADO.jpeg
decoraciones,"Arco de Globos Dorado con Fondo Blanco y Una Mesa",,/Decoraciones/DECORACION/DECORACIONES/ARCO DE GLOBOS DORADO CON FONDO BLANCO Y UNA MESA.jpeg
decoraciones,"Arco de Globos Dorado y Azul",,/Decoraciones/DECORACION/DECORACIONES/ARCO DE GLOBOS DORADO-AZUL.jpeg
decoraciones,"Arco de Globos Dorado, Blanco y Rosa con Mobiliario de Madera",,/Decoraciones/DECORACION/DECORACIONES/ARCO DE GLOBOS DORADO-BLANCO-ROSA CON MOBILIARIO DE MADERA.jpeg
decoraciones,"Arco de Globos Dorado, Blanco y Rosa con Mobiliario Dorado",,/Decoraciones/DECORACION/DECORACIONES/ARCO DE GLOBOS DORADO-BLANCO-ROSA CON MOBILIARIO DORADO.jpeg
decoraciones,"Arco de Globos Dorado y Blanco",,/Decoraciones/DECORACION/DECORACIONES/ARCO DE GLOBOS DORADO-BLANCO.jpeg
decoraciones,"Arco de Globos Dorado, Plateado y Negro",,/Decoraciones/DECORACION/DECORACIONES/ARCO DE GLOBOS DORADO-PLATEADO-NEGRO.jpeg
decoraciones,"Arco de Globos Dorado y Rosa con Arreglos de Flores",,/Decoraciones/DECORACION/DECORACIONES/ARCO DE GLOBOS DORADO-ROSA CON ARREGLOS DE FLORES.jpeg
decoraciones,"Arco de Globos Morado y Dorado",,/Decoraciones/DECORACION/DECORACIONES/ARCO DE GLOBOS MORADO-DORADO.jpeg
decoraciones,"Arco de Globos Negro, Dorado y Cafe",,/Decoraciones/DECORACION/DECORACIONES/ARCO DE GLOBOS NEGRO-DORADO-CAFE.jpeg
decoraciones,"Arco de Globos Negro y Dorado",,/Decoraciones/DECORACION/DECORACIONES/ARCO DE GLOBOS NEGRO-DORADO.jpeg
decoraciones,"Arco de Globos Plateado, Blanco y Rosa",,/Decoraciones/DECORACION/DECORACIONES/ARCO DE GLOBOS PLATEADO-BLANCO-ROSA.jpeg
decoraciones,"Arco de Globos Rojo- Dorado + Letreros de Luces + Inmobiliario Transparente",,/Decoraciones/DECORACION/DECORACIONES/ARCO DE GLOBOS ROJO-  DORADO + LETREROS DE LUCES + INMOBILIARIO TRANSPARENTE.jpeg
decoraciones,"Arco de Globos Rojo, Blanco y Dorado con Arreglo de Flores",,/Decoraciones/DECORACION/DECORACIONES/ARCO DE GLOBOS ROJO-BLANCO-DORADO CON ARREGLO DE FLORES.jpeg
decoraciones,"Arco de Globos Rosado",,/Decoraciones/DECORACION/DECORACIONES/ARCO DE GLOBOS ROSADO.jpeg
decoraciones,"Arco de Globos Tonos Rosados",,/Decoraciones/DECORACION/DECORACIONES/ARCO DE GLOBOS TONOS ROSADOS.jpeg
decoraciones,"Arco de Globos Verde y Dorado",,/Decoraciones/DECORACION/DECORACIONES/ARCO DE GLOBOS VERDE-DORADO.jpeg
decoraciones,"Cortinas con Globos Azules y Plateados",,/Decoraciones/DECORACION/DECORACIONES/CORTINAS CON GLOBOS AZULES-PLATEADOS.jpeg
decoraciones,"Mobiliario para Fiestas",,/Decoraciones/DECORACION/DECORACIONES/MOBILIARIO PARA FIESTAS.jpeg
decoraciones,"Mural de Globos",,/Decoraciones/DECORACION/DECORACIONES/MURAL DE GLOBOS.jpeg
decoraciones,"Parante de Globos + Arreglo de Globos",,/Decoraciones/DECORACION/DECORACIONES/PARANTE DE GLOBOS + ARREGLO DE GLOBOS.jpeg
decoraciones,"Parante de Globos + Cortinas con Globos Dorados y Rosados",,/Decoraciones/DECORACION/DECORACIONES/PARANTE DE GLOBOS + CORTINAS CON GLOBOS DORADOS-ROSADOS.jpeg
decoraciones,"Parante de Globos + Globo Personalizado",,/Decoraciones/DECORACION/DECORACIONES/PARANTE DE GLOBOS + GLOBO PERSONALIZADO.jpeg
decoraciones,"Decoraciones Premium - Modelo 1",,/Decoraciones/DECORACION/DECORACIONES/WhatsApp Image 2026-04-15 at 1.21.25 PM (1).jpeg
decoraciones,"Decoraciones Exclusivo - Modelo 2",,/Decoraciones/DECORACION/DECORACIONES/WhatsApp Image 2026-04-15 at 1.21.25 PM (2).jpeg
decoraciones,"Decoraciones Hermoso - Modelo 3",,/Decoraciones/DECORACION/DECORACIONES/WhatsApp Image 2026-04-15 at 1.21.25 PM (3).jpeg
decoraciones,"Decoraciones Especial - Modelo 4",,/Decoraciones/DECORACION/DECORACIONES/WhatsApp Image 2026-04-15 at 1.21.26 PM (1).jpeg
decoraciones,"Decoraciones Personalizado - Modelo 5",,/Decoraciones/DECORACION/DECORACIONES/WhatsApp Image 2026-04-15 at 1.21.26 PM (2).jpeg
decoraciones,"Decoraciones Moderno - Modelo 6",,/Decoraciones/DECORACION/DECORACIONES/WhatsApp Image 2026-04-15 at 1.21.26 PM (3).jpeg
decoraciones,"Decoraciones Elegante - Modelo 7",,/Decoraciones/DECORACION/DECORACIONES/WhatsApp Image 2026-04-15 at 1.21.26 PM.jpeg
decoraciones,"Decoraciones Premium - Modelo 8",,/Decoraciones/DECORACION/DECORACIONES/WhatsApp Image 2026-04-15 at 1.21.27 PM (1).jpeg
decoraciones,"Decoraciones Hermoso - Modelo 10",,/Decoraciones/DECORACION/DECORACIONES/WhatsApp Image 2026-04-15 at 1.21.27 PM.jpeg
decoraciones,"Decoraciones Especial - Modelo 11",,/Decoraciones/DECORACION/DECORACIONES/WhatsApp Image 2026-04-15 at 1.21.28 PM (1).jpeg
decoraciones,"Decoraciones Personalizado - Modelo 12",,/Decoraciones/DECORACION/DECORACIONES/WhatsApp Image 2026-04-15 at 1.21.28 PM (2).jpeg
decoraciones,"Decoraciones Moderno - Modelo 13",,/Decoraciones/DECORACION/DECORACIONES/WhatsApp Image 2026-04-15 at 1.21.28 PM (3).jpeg
decoraciones,"Decoraciones Elegante - Modelo 14",,/Decoraciones/DECORACION/DECORACIONES/WhatsApp Image 2026-04-15 at 1.21.28 PM.jpeg
decoraciones,"Decoraciones Premium - Modelo 15",,/Decoraciones/DECORACION/DECORACIONES/WhatsApp Image 2026-04-15 at 1.21.29 PM (1).jpeg
decoraciones,"Decoraciones Exclusivo - Modelo 16",,/Decoraciones/DECORACION/DECORACIONES/WhatsApp Image 2026-04-15 at 1.21.29 PM.jpeg
decoraciones,"Decoraciones Hermoso - Modelo 17",,/Decoraciones/DECORACION/DECORACIONES/WhatsApp Image 2026-04-15 at 1.21.31 PM.jpeg
decoraciones,"Decoraciones Especial - Modelo 18",,/Decoraciones/DECORACION/DECORACIONES/WhatsApp Image 2026-04-15 at 1.21.32 PM (1).jpeg
decoraciones,"Decoraciones Personalizado - Modelo 19",,/Decoraciones/DECORACION/DECORACIONES/WhatsApp Image 2026-04-15 at 1.21.32 PM (2).jpeg
decoraciones,"Decoraciones Moderno - Modelo 20",,/Decoraciones/DECORACION/DECORACIONES/WhatsApp Image 2026-04-15 at 1.21.33 PM.jpeg
decoraciones,"Decoraciones Elegante - Modelo 21",,/Decoraciones/DECORACION/DECORACIONES/WhatsApp Image 2026-04-15 at 1.21.41 PM.jpeg
decoraciones,"Decoraciones Premium - Modelo 22",,/Decoraciones/DECORACION/DECORACIONES/WhatsApp Image 2026-04-15 at 1.21.43 PM.jpeg
decoraciones,"Decoraciones Exclusivo - Modelo 23",,/Decoraciones/DECORACION/DECORACIONES/WhatsApp Image 2026-04-15 at 1.21.44 PM.jpeg
decoraciones,"Decoraciones Hermoso - Modelo 24",,/Decoraciones/DECORACION/DECORACIONES/WhatsApp Image 2026-04-15 at 1.21.53 PM (1).jpeg
decoraciones,"Decoraciones Especial - Modelo 25",,/Decoraciones/DECORACION/DECORACIONES/WhatsApp Image 2026-04-15 at 1.21.53 PM.jpeg
decoraciones,"Decoraciones Personalizado - Modelo 26",,/Decoraciones/DECORACION/DECORACIONES/WhatsApp Image 2026-04-15 at 1.21.54 PM (1).jpeg
decoraciones,"Decoraciones Moderno - Modelo 27",,/Decoraciones/DECORACION/DECORACIONES/WhatsApp Image 2026-04-15 at 1.21.54 PM (2).jpeg
decoraciones,"Decoraciones Elegante - Modelo 28",,/Decoraciones/DECORACION/DECORACIONES/WhatsApp Image 2026-04-15 at 1.21.54 PM (3).jpeg
decoraciones,"Decoraciones Premium - Modelo 29",,/Decoraciones/DECORACION/DECORACIONES/WhatsApp Image 2026-04-15 at 1.21.54 PM (4).jpeg
decoraciones,"Decoraciones Exclusivo - Modelo 30",,/Decoraciones/DECORACION/DECORACIONES/WhatsApp Image 2026-04-15 at 1.21.54 PM.jpeg
decoraciones,"Decoraciones Hermoso - Modelo 31",,/Decoraciones/DECORACION/DECORACIONES/WhatsApp Image 2026-04-15 at 1.21.55 PM (1).jpeg
decoraciones,"Decoraciones Especial - Modelo 32",,/Decoraciones/DECORACION/DECORACIONES/WhatsApp Image 2026-04-15 at 1.21.55 PM (2).jpeg
decoraciones,"Decoraciones Personalizado - Modelo 33",,/Decoraciones/DECORACION/DECORACIONES/WhatsApp Image 2026-04-15 at 1.21.55 PM.jpeg
decoraciones,"Decoraciones Moderno - Modelo 34",,/Decoraciones/DECORACION/DECORACIONES/WhatsApp Image 2026-04-15 at 1.21.56 PM (1).jpeg
decoraciones,"Decoraciones Elegante - Modelo 35",,/Decoraciones/DECORACION/DECORACIONES/WhatsApp Image 2026-04-15 at 1.21.56 PM.jpeg
decoraciones,"Decoraciones Premium - Modelo 36",,/Decoraciones/DECORACION/DECORACIONES/WhatsApp Image 2026-04-15 at 1.21.57 PM (1).jpeg
decoraciones,"Decoraciones Exclusivo - Modelo 37",,/Decoraciones/DECORACION/DECORACIONES/WhatsApp Image 2026-04-15 at 1.21.57 PM (3).jpeg
decoraciones,"Decoraciones Hermoso - Modelo 38",,/Decoraciones/DECORACION/DECORACIONES/WhatsApp Image 2026-04-15 at 1.21.58 PM (1).jpeg
decoraciones,"Decoraciones Especial - Modelo 39",,/Decoraciones/DECORACION/DECORACIONES/WhatsApp Image 2026-04-15 at 1.21.58 PM (2).jpeg
decoraciones,"Decoraciones Moderno - Modelo 41",,/Decoraciones/DECORACION/DECORACIONES/WhatsApp Image 2026-04-15 at 1.21.59 PM (1).jpeg
decoraciones,"Decoraciones Elegante - Modelo 42",,/Decoraciones/DECORACION/DECORACIONES/WhatsApp Image 2026-04-15 at 1.21.59 PM.jpeg
decoraciones,"Decoraciones Premium - Modelo 43",,/Decoraciones/DECORACION/DECORACIONES/WhatsApp Image 2026-04-15 at 1.22.00 PM (1).jpeg
decoraciones,"Decoraciones Exclusivo - Modelo 44",,/Decoraciones/DECORACION/DECORACIONES/WhatsApp Image 2026-04-15 at 1.22.00 PM (2).jpeg
decoraciones,"Decoraciones Hermoso - Modelo 45",,/Decoraciones/DECORACION/DECORACIONES/WhatsApp Image 2026-04-15 at 1.22.00 PM (3).jpeg
decoraciones,"Decoraciones Especial - Modelo 46",,/Decoraciones/DECORACION/DECORACIONES/WhatsApp Image 2026-04-15 at 1.22.00 PM.jpeg
decoraciones,"Decoraciones Personalizado - Modelo 47",,/Decoraciones/DECORACION/DECORACIONES/WhatsApp Image 2026-04-15 at 1.22.01 PM.jpeg
decoraciones,"Decoraciones Moderno - Modelo 48",,/Decoraciones/DECORACION/DECORACIONES/WhatsApp Image 2026-04-15 at 1.22.10 PM (3).jpeg
decoraciones,"Decoraciones Elegante - Modelo 49",,/Decoraciones/DECORACION/DECORACIONES/WhatsApp Image 2026-04-15 at 1.22.11 PM (3).jpeg
decoraciones,"Decoraciones Premium - Modelo 50",,/Decoraciones/DECORACION/DECORACIONES/WhatsApp Image 2026-04-15 at 1.22.12 PM (4).jpeg
decoraciones,"Decoraciones Exclusivo - Modelo 51",,/Decoraciones/DECORACION/DECORACIONES/WhatsApp Image 2026-04-15 at 1.22.13 PM (3).jpeg
decoraciones,"Decoraciones Hermoso - Modelo 52",,/Decoraciones/DECORACION/DECORACIONES/WhatsApp Image 2026-04-15 at 1.22.13 PM.jpeg
decoraciones,"Decoraciones Especial - Modelo 53",,/Decoraciones/DECORACION/DECORACIONES/WhatsApp Image 2026-04-15 at 1.22.14 PM (1).jpeg
decoraciones,"Decoraciones Personalizado - Modelo 54",,/Decoraciones/DECORACION/DECORACIONES/WhatsApp Image 2026-04-15 at 1.22.14 PM.jpeg
decoraciones,"Decoraciones Moderno - Modelo 55",,/Decoraciones/DECORACION/DECORACIONES/WhatsApp Image 2026-04-15 at 1.22.15 PM (1).jpeg
decoraciones,"Decoraciones Elegante - Modelo 56",,/Decoraciones/DECORACION/DECORACIONES/WhatsApp Image 2026-04-15 at 1.22.15 PM.jpeg
decoraciones,"Decoraciones Premium - Modelo 57",,/Decoraciones/DECORACION/DECORACIONES/WhatsApp Image 2026-04-15 at 1.22.16 PM (3).jpeg
decoraciones,"Decoraciones Exclusivo - Modelo 58",,/Decoraciones/DECORACION/DECORACIONES/WhatsApp Image 2026-04-15 at 1.22.17 PM (1).jpeg
decoraciones,"Decoraciones Hermoso - Modelo 59",,/Decoraciones/DECORACION/DECORACIONES/WhatsApp Image 2026-04-15 at 1.22.17 PM (2).jpeg
decoraciones,"Decoraciones Especial - Modelo 60",,/Decoraciones/DECORACION/DECORACIONES/WhatsApp Image 2026-04-15 at 1.22.17 PM (3).jpeg
decoraciones,"Decoraciones Personalizado - Modelo 61",,/Decoraciones/DECORACION/DECORACIONES/WhatsApp Image 2026-04-15 at 1.22.17 PM.jpeg
decoraciones,"Decoraciones Moderno - Modelo 62",,/Decoraciones/DECORACION/DECORACIONES/WhatsApp Image 2026-04-15 at 1.22.18 PM (1).jpeg
decoraciones,"Decoraciones Elegante - Modelo 63",,/Decoraciones/DECORACION/DECORACIONES/WhatsApp Image 2026-04-15 at 1.22.18 PM (2).jpeg
decoraciones,"Decoraciones Premium - Modelo 64",,/Decoraciones/DECORACION/DECORACIONES/WhatsApp Image 2026-04-15 at 1.22.19 PM (1).jpeg
decoraciones,"Decoraciones Exclusivo - Modelo 65",,/Decoraciones/DECORACION/DECORACIONES/WhatsApp Image 2026-04-15 at 1.22.19 PM.jpeg
decoraciones,"Decoraciones Hermoso - Modelo 66",,/Decoraciones/DECORACION/DECORACIONES/WhatsApp Image 2026-04-15 at 1.22.20 PM.jpeg
decoraciones,"Decoraciones Especial - Modelo 67",,/Decoraciones/DECORACION/DECORACIONES/WhatsApp Image 2026-04-15 at 1.22.21 PM (2).jpeg
decoraciones,"Decoraciones Personalizado - Modelo 68",,/Decoraciones/DECORACION/DECORACIONES/WhatsApp Image 2026-04-15 at 1.22.21 PM (3).jpeg
decoraciones,"Decoraciones Moderno - Modelo 69",,/Decoraciones/DECORACION/DECORACIONES/WhatsApp Image 2026-04-15 at 1.22.22 PM (4).jpeg
decoraciones,"Decoraciones Elegante - Modelo 70",,/Decoraciones/DECORACION/DECORACIONES/WhatsApp Image 2026-04-15 at 1.22.23 PM (1).jpeg
decoraciones,"Decoraciones Premium - Modelo 71",,/Decoraciones/DECORACION/DECORACIONES/WhatsApp Image 2026-04-15 at 1.22.23 PM (2).jpeg
decoraciones,"Decoraciones Exclusivo - Modelo 72",,/Decoraciones/DECORACION/DECORACIONES/WhatsApp Image 2026-04-15 at 1.22.24 PM (1).jpeg
decoraciones,"Decoraciones Hermoso - Modelo 73",,/Decoraciones/DECORACION/DECORACIONES/WhatsApp Image 2026-04-15 at 1.22.24 PM (2).jpeg
decoraciones,"Decoraciones Especial - Modelo 74",,/Decoraciones/DECORACION/DECORACIONES/WhatsApp Image 2026-04-15 at 1.22.24 PM (3).jpeg
decoraciones,"Decoraciones Personalizado - Modelo 75",,/Decoraciones/DECORACION/DECORACIONES/WhatsApp Image 2026-04-15 at 1.22.25 PM (2).jpeg
decoraciones,"Decoraciones Moderno - Modelo 76",,/Decoraciones/DECORACION/DECORACIONES/WhatsApp Image 2026-04-15 at 1.22.25 PM (3).jpeg
decoraciones,"Decoraciones Elegante - Modelo 77",,/Decoraciones/DECORACION/DECORACIONES/WhatsApp Image 2026-04-15 at 1.22.25 PM.jpeg
decoraciones,"Decoraciones Premium - Modelo 78",,/Decoraciones/DECORACION/DECORACIONES/WhatsApp Image 2026-04-15 at 1.22.26 PM (1).jpeg
decoraciones,"Decoraciones Exclusivo - Modelo 79",,/Decoraciones/DECORACION/DECORACIONES/WhatsApp Image 2026-04-15 at 1.22.26 PM (2).jpeg
decoraciones,"Decoraciones Hermoso - Modelo 80",,/Decoraciones/DECORACION/DECORACIONES/WhatsApp Image 2026-04-15 at 1.22.26 PM (3).jpeg
decoraciones,"Decoraciones Especial - Modelo 81",,/Decoraciones/DECORACION/DECORACIONES/WhatsApp Image 2026-04-15 at 1.22.26 PM.jpeg
decoraciones,"Decoraciones Personalizado - Modelo 82",,/Decoraciones/DECORACION/DECORACIONES/WhatsApp Image 2026-04-15 at 1.22.27 PM (1).jpeg
decoraciones,"Decoraciones Moderno - Modelo 83",,/Decoraciones/DECORACION/DECORACIONES/WhatsApp Image 2026-04-15 at 1.22.27 PM (2).jpeg
decoraciones,"Decoraciones Elegante - Modelo 84",,/Decoraciones/DECORACION/DECORACIONES/WhatsApp Image 2026-04-15 at 1.22.27 PM.jpeg
decoraciones,"Decoraciones Premium - Modelo 85",,/Decoraciones/DECORACION/DECORACIONES/WhatsApp Image 2026-04-15 at 1.22.28 PM (2).jpeg
decoraciones,"Decoraciones Exclusivo - Modelo 86",,/Decoraciones/DECORACION/DECORACIONES/WhatsApp Image 2026-04-15 at 1.22.28 PM.jpeg
decoraciones,"Decoraciones Hermoso - Modelo 87",,/Decoraciones/DECORACION/DECORACIONES/WhatsApp Image 2026-04-15 at 1.22.29 PM (1).jpeg
decoraciones,"Decoraciones Especial - Modelo 88",,/Decoraciones/DECORACION/DECORACIONES/WhatsApp Image 2026-04-15 at 1.22.29 PM (2).jpeg
decoraciones,"Decoraciones Personalizado - Modelo 89",,/Decoraciones/DECORACION/DECORACIONES/WhatsApp Image 2026-04-15 at 1.22.29 PM (3).jpeg
decoraciones,"Decoraciones Moderno - Modelo 90",,/Decoraciones/DECORACION/DECORACIONES/WhatsApp Image 2026-04-15 at 1.22.29 PM.jpeg
decoraciones,"Decoraciones Elegante - Modelo 91",,/Decoraciones/DECORACION/DECORACIONES/WhatsApp Image 2026-04-15 at 1.22.30 PM (1).jpeg
decoraciones,"Decoraciones Premium - Modelo 92",,/Decoraciones/DECORACION/DECORACIONES/WhatsApp Image 2026-04-15 at 1.22.30 PM (2).jpeg
decoraciones,"Decoraciones Exclusivo - Modelo 93",,/Decoraciones/DECORACION/DECORACIONES/WhatsApp Image 2026-04-15 at 1.22.30 PM (3).jpeg
decoraciones,"Decoraciones Hermoso - Modelo 94",,/Decoraciones/DECORACION/DECORACIONES/WhatsApp Image 2026-04-15 at 1.22.31 PM (1).jpeg
decoraciones,"Decoraciones Especial - Modelo 95",,/Decoraciones/DECORACION/DECORACIONES/WhatsApp Image 2026-04-15 at 1.22.31 PM (2).jpeg
decoraciones,"Decoraciones Personalizado - Modelo 96",,/Decoraciones/DECORACION/DECORACIONES/WhatsApp Image 2026-04-15 at 1.22.31 PM.jpeg
decoraciones,"Decoraciones Moderno - Modelo 97",,/Decoraciones/DECORACION/DECORACIONES/WhatsApp Image 2026-04-15 at 1.22.32 PM (1).jpeg
decoraciones,"Decoraciones Elegante - Modelo 98",,/Decoraciones/DECORACION/DECORACIONES/WhatsApp Image 2026-04-15 at 1.22.32 PM (3).jpeg
decoraciones,"Decoraciones Premium - Modelo 99",,/Decoraciones/DECORACION/DECORACIONES/WhatsApp Image 2026-04-15 at 1.22.33 PM (2).jpeg
decoraciones,"Decoraciones Exclusivo - Modelo 100",,/Decoraciones/DECORACION/DECORACIONES/WhatsApp Image 2026-04-15 at 1.22.33 PM.jpeg
decoraciones,"Decoraciones Hermoso - Modelo 101",,/Decoraciones/DECORACION/DECORACIONES/WhatsApp Image 2026-04-15 at 1.22.34 PM (1).jpeg
decoraciones,"Decoraciones Especial - Modelo 102",,/Decoraciones/DECORACION/DECORACIONES/WhatsApp Image 2026-04-15 at 1.22.34 PM (3).jpeg
decoraciones,"Decoraciones Personalizado - Modelo 103",,/Decoraciones/DECORACION/DECORACIONES/WhatsApp Image 2026-04-15 at 1.22.35 PM.jpeg
decoraciones,"Decoraciones Moderno - Modelo 104",,/Decoraciones/DECORACION/DECORACIONES/WhatsApp Image 2026-04-15 at 1.22.36 PM (3).jpeg
decoraciones,"Decoraciones Elegante - Modelo 105",,/Decoraciones/DECORACION/DECORACIONES/WhatsApp Image 2026-04-15 at 1.22.36 PM (4).jpeg
decoraciones,"Decoraciones Premium - Modelo 106",,/Decoraciones/DECORACION/DECORACIONES/WhatsApp Image 2026-04-15 at 1.22.37 PM (1).jpeg
decoraciones,"Decoraciones Exclusivo - Modelo 107",,/Decoraciones/DECORACION/DECORACIONES/WhatsApp Image 2026-04-15 at 1.22.37 PM (2).jpeg
decoraciones,"Decoraciones Hermoso - Modelo 108",,/Decoraciones/DECORACION/DECORACIONES/WhatsApp Image 2026-04-15 at 1.22.37 PM (3).jpeg
decoraciones,"Decoraciones Especial - Modelo 109",,/Decoraciones/DECORACION/DECORACIONES/WhatsApp Image 2026-04-15 at 1.22.37 PM.jpeg
decoraciones,"Decoraciones Personalizado - Modelo 110",,/Decoraciones/DECORACION/DECORACIONES/WhatsApp Image 2026-04-15 at 1.22.38 PM (1).jpeg
decoraciones,"Decoraciones Moderno - Modelo 111",,/Decoraciones/DECORACION/DECORACIONES/WhatsApp Image 2026-04-15 at 1.22.38 PM (2).jpeg
decoraciones,"Decoraciones Elegante - Modelo 112",,/Decoraciones/DECORACION/DECORACIONES/WhatsApp Image 2026-04-15 at 1.22.38 PM (3).jpeg
decoraciones,"Decoraciones Hermoso - Modelo 115",,/Decoraciones/DECORACION/DECORACIONES/WhatsApp Image 2026-04-15 at 1.22.39 PM (3).jpeg
decoraciones,"Decoraciones Especial - Modelo 116",,/Decoraciones/DECORACION/DECORACIONES/WhatsApp Image 2026-04-15 at 1.22.40 PM (1).jpeg
decoraciones,"Decoraciones Personalizado - Modelo 117",,/Decoraciones/DECORACION/DECORACIONES/WhatsApp Image 2026-04-15 at 1.22.40 PM (2).jpeg
decoraciones,"Decoraciones Moderno - Modelo 118",,/Decoraciones/DECORACION/DECORACIONES/WhatsApp Image 2026-04-15 at 1.22.40 PM (3).jpeg
decoraciones,"Decoraciones Elegante - Modelo 119",,/Decoraciones/DECORACION/DECORACIONES/WhatsApp Image 2026-04-15 at 1.22.40 PM.jpeg
decoraciones,"Decoraciones Premium - Modelo 120",,/Decoraciones/DECORACION/DECORACIONES/WhatsApp Image 2026-04-15 at 1.22.41 PM (2).jpeg
decoraciones,"Decoraciones Exclusivo - Modelo 121",,/Decoraciones/DECORACION/DECORACIONES/WhatsApp Image 2026-04-15 at 1.22.41 PM (3).jpeg
decoraciones,"Decoraciones Hermoso - Modelo 122",,/Decoraciones/DECORACION/DECORACIONES/WhatsApp Image 2026-04-15 at 1.22.41 PM.jpeg
decoraciones,"Decoraciones Especial - Modelo 123",,/Decoraciones/DECORACION/DECORACIONES/WhatsApp Image 2026-04-15 at 1.22.42 PM (1).jpeg
decoraciones,"Decoraciones Personalizado - Modelo 124",,/Decoraciones/DECORACION/DECORACIONES/WhatsApp Image 2026-04-15 at 1.22.43 PM (1).jpeg
decoraciones,"Decoraciones Moderno - Modelo 125",,/Decoraciones/DECORACION/DECORACIONES/WhatsApp Image 2026-04-15 at 1.22.43 PM (2).jpeg
decoraciones,"Decoraciones Elegante - Modelo 126",,/Decoraciones/DECORACION/DECORACIONES/WhatsApp Image 2026-04-15 at 1.22.44 PM (2).jpeg
decoraciones,"Decoraciones Premium - Modelo 127",,/Decoraciones/DECORACION/DECORACIONES/WhatsApp Image 2026-04-15 at 1.22.44 PM.jpeg
decoraciones,"Decoraciones Exclusivo - Modelo 128",,/Decoraciones/DECORACION/DECORACIONES/WhatsApp Image 2026-04-15 at 1.22.45 PM (1).jpeg
decoraciones,"Decoraciones Hermoso - Modelo 129",,/Decoraciones/DECORACION/DECORACIONES/WhatsApp Image 2026-04-15 at 1.22.45 PM (3).jpeg
decoraciones,"Decoraciones Especial - Modelo 130",,/Decoraciones/DECORACION/DECORACIONES/WhatsApp Image 2026-04-15 at 1.22.45 PM.jpeg
decoraciones,"Decoraciones Personalizado - Modelo 131",,/Decoraciones/DECORACION/DECORACIONES/WhatsApp Image 2026-04-15 at 1.22.47 PM (2).jpeg
decoraciones,"Decoraciones Moderno - Modelo 132",,/Decoraciones/DECORACION/DECORACIONES/WhatsApp Image 2026-04-15 at 1.22.47 PM.jpeg
decoraciones,"Decoraciones Elegante - Modelo 133",,/Decoraciones/DECORACION/DECORACIONES/WhatsApp Image 2026-04-15 at 1.22.48 PM (1).jpeg
decoraciones,"Decoraciones Premium - Modelo 134",,/Decoraciones/DECORACION/DECORACIONES/WhatsApp Image 2026-04-15 at 1.22.48 PM (2).jpeg
decoraciones,"Decoraciones Exclusivo - Modelo 135",,/Decoraciones/DECORACION/DECORACIONES/WhatsApp Image 2026-04-15 at 1.22.48 PM.jpeg
decoraciones,"Decoraciones Hermoso - Modelo 136",,/Decoraciones/DECORACION/DECORACIONES/WhatsApp Image 2026-04-15 at 1.22.49 PM (1).jpeg
decoraciones,"Decoraciones Especial - Modelo 137",,/Decoraciones/DECORACION/DECORACIONES/WhatsApp Image 2026-04-15 at 1.22.49 PM.jpeg
decoraciones,"Decoraciones Personalizado - Modelo 138",,/Decoraciones/DECORACION/DECORACIONES/WhatsApp Image 2026-04-15 at 1.22.50 PM (1).jpeg
decoraciones,"Decoraciones Moderno - Modelo 139",,/Decoraciones/DECORACION/DECORACIONES/WhatsApp Image 2026-04-15 at 1.22.51 PM (3).jpeg
decoraciones,"Decoraciones Elegante - Modelo 140",,/Decoraciones/DECORACION/DECORACIONES/WhatsApp Image 2026-04-15 at 1.22.51 PM (4).jpeg
decoraciones,"Decoraciones Premium - Modelo 141",,/Decoraciones/DECORACION/DECORACIONES/WhatsApp Image 2026-04-15 at 1.22.51 PM.jpeg
decoraciones,"Decoraciones Exclusivo - Modelo 142",,/Decoraciones/DECORACION/DECORACIONES/WhatsApp Image 2026-04-15 at 1.22.52 PM (1).jpeg
decoraciones,"Decoraciones Hermoso - Modelo 143",,/Decoraciones/DECORACION/DECORACIONES/WhatsApp Image 2026-04-15 at 1.22.52 PM (2).jpeg
decoraciones,"Decoraciones Especial - Modelo 144",,/Decoraciones/DECORACION/DECORACIONES/WhatsApp Image 2026-04-15 at 1.22.52 PM.jpeg
decoraciones,"Decoraciones Personalizado - Modelo 145",,/Decoraciones/DECORACION/DECORACIONES/WhatsApp Image 2026-04-15 at 1.22.53 PM (1).jpeg
decoraciones,"Decoraciones Moderno - Modelo 146",,/Decoraciones/DECORACION/DECORACIONES/WhatsApp Image 2026-04-15 at 1.22.53 PM.jpeg
decoraciones,"Decoraciones Elegante - Modelo 147",,/Decoraciones/DECORACION/DECORACIONES/WhatsApp Image 2026-04-15 at 1.22.54 PM.jpeg
decoraciones,"Decoraciones Premium - Modelo 148",,/Decoraciones/DECORACION/DECORACIONES/WhatsApp Image 2026-04-15 at 1.22.55 PM (1).jpeg
decoraciones,"Decoraciones Exclusivo - Modelo 149",,/Decoraciones/DECORACION/DECORACIONES/WhatsApp Image 2026-04-15 at 1.22.55 PM (2).jpeg
decoraciones,"Decoraciones Hermoso - Modelo 150",,/Decoraciones/DECORACION/DECORACIONES/WhatsApp Image 2026-04-15 at 1.22.55 PM.jpeg
decoraciones,"Decoraciones Especial - Modelo 151",,/Decoraciones/DECORACION/DECORACIONES/WhatsApp Image 2026-04-15 at 1.22.56 PM.jpeg
muro-shimmer-con-arco-de-globos-y-mobiliario,"Arco de Globos Negro, Blanco y Dorado + Fondo Doble + Letrero de Luces",,/Decoraciones/DECORACION/DECORACIÓN DE EVENTOS/ARCOS DE GLOBOS Y MOBILIARIO/MURO SHIMMER con ARCO DE Globos y Mobiliario/ARCO DE GLOBOS NEGRO-BLANCO-DORADO + FONDO DOBLE + LETRERO DE LUCES.jpeg
muro-shimmer-con-arco-de-globos-y-mobiliario,"Arco de Globos y Fondo Personalizado Doble con Letrero de Luces y Mobiliario Personalizado",,/Decoraciones/DECORACION/DECORACIÓN DE EVENTOS/ARCOS DE GLOBOS Y MOBILIARIO/MURO SHIMMER con ARCO DE Globos y Mobiliario/ARCO DE GLOBOS Y FONDO PERSONALIZADO DOBLE CON LETRERO DE LUCES Y MOBILIARIO PERSONALIZADO.jpeg
muro-shimmer-con-arco-de-globos-y-mobiliario,"Arco de Globos con Fondo Shimmer Wall",,/Decoraciones/DECORACION/MURO SHIMMER con ARCO DE Globos y Mobiliario/ARCO DE GLOBOS CON FONDO Shimmer wall.jpeg
muro-shimmer-con-arco-de-globos-y-mobiliario,"Arco de Globos Negro, Blanco y Dorado + Fondo Doble + Letrero de Luces",,/Decoraciones/DECORACION/MURO SHIMMER con ARCO DE Globos y Mobiliario/ARCO DE GLOBOS NEGRO-BLANCO-DORADO + FONDO DOBLE + LETRERO DE LUCES.jpeg
muro-shimmer-con-arco-de-globos-y-mobiliario,"Arco de Globos y Fondo Personalizado Doble con Letrero de Luces y Mobiliario Personalizado",,/Decoraciones/DECORACION/MURO SHIMMER con ARCO DE Globos y Mobiliario/ARCO DE GLOBOS Y FONDO PERSONALIZADO DOBLE CON LETRERO DE LUCES Y MOBILIARIO PERSONALIZADO.jpeg
muro-shimmer-con-arco-de-globos-y-mobiliario,"Muro Shimmer Con Arco De Globos Y Mobiliario Premium - Modelo 1",,/Decoraciones/DECORACION/MURO SHIMMER con ARCO DE Globos y Mobiliario/WhatsApp Image 2026-04-15 at 1.21.30 PM.jpeg
muro-shimmer-con-arco-de-globos-y-mobiliario,"Muro Shimmer Con Arco De Globos Y Mobiliario Exclusivo - Modelo 2",,/Decoraciones/DECORACION/MURO SHIMMER con ARCO DE Globos y Mobiliario/WhatsApp Image 2026-04-15 at 1.22.16 PM (2).jpeg
muro-shimmer-con-arco-de-globos-y-mobiliario,"Muro Shimmer Con Arco De Globos Y Mobiliario Hermoso - Modelo 3",,/Decoraciones/DECORACION/MURO SHIMMER con ARCO DE Globos y Mobiliario/WhatsApp Image 2026-04-15 at 1.22.16 PM.jpeg
muro-shimmer-con-arco-de-globos-y-mobiliario,"Muro Shimmer Con Arco De Globos Y Mobiliario Especial - Modelo 4",,/Decoraciones/DECORACION/MURO SHIMMER con ARCO DE Globos y Mobiliario/WhatsApp Image 2026-04-15 at 1.22.21 PM (1).jpeg
muro-shimmer-con-arco-de-globos-y-mobiliario,"Muro Shimmer Con Arco De Globos Y Mobiliario Personalizado - Modelo 5",,/Decoraciones/DECORACION/MURO SHIMMER con ARCO DE Globos y Mobiliario/WhatsApp Image 2026-04-15 at 1.22.22 PM (1).jpeg
muro-shimmer-con-arco-de-globos-y-mobiliario,"Muro Shimmer Con Arco De Globos Y Mobiliario Moderno - Modelo 6",,/Decoraciones/DECORACION/MURO SHIMMER con ARCO DE Globos y Mobiliario/WhatsApp Image 2026-04-15 at 1.22.22 PM (2).jpeg
muro-shimmer-con-arco-de-globos-y-mobiliario,"Muro Shimmer Con Arco De Globos Y Mobiliario Elegante - Modelo 7",,/Decoraciones/DECORACION/MURO SHIMMER con ARCO DE Globos y Mobiliario/WhatsApp Image 2026-04-15 at 1.22.42 PM (3).jpeg
muro-shimmer-con-arco-de-globos-y-mobiliario,"Fiesta Infantil Hermoso - Modelo 3",,/Decoraciones/DECORACION/DECORACION DE EVENTOS/DECORACION TEMATICA/FIESTA INFANTIL/WhatsApp Image 2026-04-15 at 1.22.14 PM (2).jpeg
detalles-personalizados,"Arreglo de Panda con",,/Decoraciones/DECORACION/DETALLES PERSONALIZADOS/ARREGLO DE PANDA CON.jpeg
detalles-personalizados,"Detalles Personalizados Premium - Modelo 1",,/Decoraciones/DECORACION/DETALLES PERSONALIZADOS/WhatsApp Image 2026-04-15 at 1.21.21 PM.jpeg
detalles-personalizados,"Detalles Personalizados Exclusivo - Modelo 2",,/Decoraciones/DECORACION/DETALLES PERSONALIZADOS/WhatsApp Image 2026-04-15 at 1.21.22 PM (2).jpeg
detalles-personalizados,"Detalles Personalizados Hermoso - Modelo 3",,/Decoraciones/DECORACION/DETALLES PERSONALIZADOS/WhatsApp Image 2026-04-15 at 1.21.22 PM (3).jpeg
detalles-personalizados,"Detalles Personalizados Especial - Modelo 4",,/Decoraciones/DECORACION/DETALLES PERSONALIZADOS/WhatsApp Image 2026-04-15 at 1.21.22 PM.jpeg
detalles-personalizados,"Detalles Personalizados Personalizado - Modelo 5",,/Decoraciones/DECORACION/DETALLES PERSONALIZADOS/WhatsApp Image 2026-04-15 at 1.21.23 PM (1).jpeg
detalles-personalizados,"Detalles Personalizados Moderno - Modelo 6",,/Decoraciones/DECORACION/DETALLES PERSONALIZADOS/WhatsApp Image 2026-04-15 at 1.21.23 PM.jpeg
detalles-personalizados,"Detalles Personalizados Elegante - Modelo 7",,/Decoraciones/DECORACION/DETALLES PERSONALIZADOS/WhatsApp Image 2026-04-15 at 1.21.24 PM (1).jpeg
detalles-personalizados,"Detalles Personalizados Premium - Modelo 8",,/Decoraciones/DECORACION/DETALLES PERSONALIZADOS/WhatsApp Image 2026-04-15 at 1.21.24 PM (2).jpeg
detalles-personalizados,"Detalles Personalizados Exclusivo - Modelo 9",,/Decoraciones/DECORACION/DETALLES PERSONALIZADOS/WhatsApp Image 2026-04-15 at 1.21.24 PM (3).jpeg
detalles-personalizados,"Detalles Personalizados Hermoso - Modelo 10",,/Decoraciones/DECORACION/DETALLES PERSONALIZADOS/WhatsApp Image 2026-04-15 at 1.21.24 PM (4).jpeg
detalles-personalizados,"Detalles Personalizados Especial - Modelo 11",,/Decoraciones/DECORACION/DETALLES PERSONALIZADOS/WhatsApp Image 2026-04-15 at 1.21.24 PM.jpeg
detalles-personalizados,"Detalles Personalizados Personalizado - Modelo 12",,/Decoraciones/DECORACION/DETALLES PERSONALIZADOS/WhatsApp Image 2026-04-15 at 1.22.56 PM (1).jpeg
detalles-personalizados,"Detalles Personalizados Moderno - Modelo 13",,/Decoraciones/DECORACION/DETALLES PERSONALIZADOS/WhatsApp Image 2026-04-15 at 1.22.57 PM (1).jpeg
detalles-personalizados,"Detalles Personalizados Elegante - Modelo 14",,/Decoraciones/DECORACION/DETALLES PERSONALIZADOS/WhatsApp Image 2026-04-15 at 1.22.57 PM.jpeg
detalles-personalizados,"Detalles Personalizados Premium - Modelo 15",,/Decoraciones/DECORACION/DETALLES PERSONALIZADOS/WhatsApp Image 2026-04-15 at 1.22.58 PM.jpeg
detalles-personalizados,"Ramos Elegante - Modelo 7",,/Decoraciones/DECORACION/RAMOS/WhatsApp Image 2026-04-18 at 20.13.34 (1).jpeg
detalles-personalizados,"Ramos Exclusivo - Modelo 16",,/Decoraciones/DECORACION/RAMOS/WhatsApp Image 2026-04-18 at 20.13.39 (1).jpeg
detalles-personalizados,"Ramos Exclusivo - Modelo 23",,/Decoraciones/DECORACION/RAMOS/WhatsApp Image 2026-04-18 at 20.13.42.jpeg
detalles-personalizados,"Ramos Especial - Modelo 32",,/Decoraciones/DECORACION/RAMOS/WhatsApp Image 2026-04-18 at 20.13.47.jpeg
detalles-personalizados,"Ramos Exclusivo - Modelo 37",,/Decoraciones/DECORACION/RAMOS/WhatsApp Image 2026-04-18 at 20.13.50.jpeg
detalles-personalizados,"Ramos Premium - Modelo 43",,/Decoraciones/DECORACION/RAMOS/WhatsApp Image 2026-04-18 at 20.13.53.jpeg
detalles-personalizados,"Ramos Exclusivo - Modelo 44",,/Decoraciones/DECORACION/RAMOS/WhatsApp Image 2026-04-18 at 20.13.54.jpeg
detalles-personalizados,"Ramos Hermoso - Modelo 45",,/Decoraciones/DECORACION/RAMOS/WhatsApp Image 2026-04-18 at 20.13.55 (1).jpeg
detalles-personalizados,"Ramos Personalizado - Modelo 47",,/Decoraciones/DECORACION/RAMOS/WhatsApp Image 2026-04-18 at 20.13.56.jpeg
detalles-personalizados,"Ramos Elegante - Modelo 49",,/Decoraciones/DECORACION/RAMOS/WhatsApp Image 2026-04-18 at 20.13.57.jpeg
detalles-personalizados,"Ramos Hermoso - Modelo 59",,/Decoraciones/DECORACION/RAMOS/WhatsApp Image 2026-04-18 at 20.14.03.jpeg
detalles-personalizados,"Ramos Especial - Modelo 60",,/Decoraciones/DECORACION/RAMOS/WhatsApp Image 2026-04-18 at 20.14.04 (1).jpeg
detalles-personalizados,"Ramos Exclusivo - Modelo 65",,/Decoraciones/DECORACION/RAMOS/WhatsApp Image 2026-04-18 at 20.14.06.jpeg
detalles-personalizados,"Ramos Hermoso - Modelo 66",,/Decoraciones/DECORACION/RAMOS/WhatsApp Image 2026-04-18 at 20.14.07.jpeg
detalles-personalizados,"Ramos Especial - Modelo 74",,/Decoraciones/DECORACION/RAMOS/WhatsApp Image 2026-04-18 at 20.14.12 (1).jpeg
detalles-personalizados,"Ramos Personalizado - Modelo 75",,/Decoraciones/DECORACION/RAMOS/WhatsApp Image 2026-04-18 at 20.14.12.jpeg
detalles-personalizados,"Ramos Moderno - Modelo 76",,/Decoraciones/DECORACION/RAMOS/WhatsApp Image 2026-04-18 at 20.14.13.jpeg
detalles-personalizados,"Ramos Elegante - Modelo 77",,/Decoraciones/DECORACION/RAMOS/WhatsApp Image 2026-04-18 at 20.14.14 (1).jpeg
detalles-personalizados,"Ramos Premium - Modelo 78",,/Decoraciones/DECORACION/RAMOS/WhatsApp Image 2026-04-18 at 20.14.14.jpeg
detalles-personalizados,"Ramos Premium - Modelo 85",,/Decoraciones/DECORACION/RAMOS/WhatsApp Image 2026-04-18 at 20.14.18.jpeg
detalles-personalizados,"Ramos Especial - Modelo 88",,/Decoraciones/DECORACION/RAMOS/WhatsApp Image 2026-04-18 at 20.14.20 (1).jpeg
detalles-personalizados,"Ramos Exclusivo - Modelo 93",,/Decoraciones/DECORACION/RAMOS/WhatsApp Image 2026-04-18 at 20.14.23 (1).jpeg
box-de-regalo,"Box De Regalo Premium - Modelo 1",,/Decoraciones/DECORACION/DETALLES PERSONALIZADOS/Box de regalo/WhatsApp Image 2026-04-15 at 1.21.22 PM (3).jpeg
box-de-regalo,"Box De Regalo Exclusivo - Modelo 2",,/Decoraciones/DECORACION/DETALLES PERSONALIZADOS/Box de regalo/WhatsApp Image 2026-04-15 at 1.21.23 PM.jpeg
box-de-regalo,"Box De Regalo Hermoso - Modelo 3",,/Decoraciones/DECORACION/DETALLES PERSONALIZADOS/Box de regalo/WhatsApp Image 2026-04-15 at 1.21.24 PM (3).jpeg
box-de-regalo,"Box De Regalo Especial - Modelo 4",,/Decoraciones/DECORACION/DETALLES PERSONALIZADOS/Box de regalo/WhatsApp Image 2026-04-15 at 1.22.58 PM.jpeg
box-de-regalo,"Ramos Especial - Modelo 18",,/Decoraciones/DECORACION/RAMOS/WhatsApp Image 2026-04-18 at 20.13.40 (1).jpeg
box-de-regalo,"Ramos Personalizado - Modelo 33",,/Decoraciones/DECORACION/RAMOS/WhatsApp Image 2026-04-18 at 20.13.48 (1).jpeg
box-de-regalo,"Ramos Premium - Modelo 36",,/Decoraciones/DECORACION/RAMOS/WhatsApp Image 2026-04-18 at 20.13.49.jpeg
box-de-regalo,"Ramos Moderno - Modelo 55",,/Decoraciones/DECORACION/RAMOS/WhatsApp Image 2026-04-18 at 20.14.01 (1).jpeg
box-de-regalo,"Ramos Exclusivo - Modelo 58",,/Decoraciones/DECORACION/RAMOS/WhatsApp Image 2026-04-18 at 20.14.03 (1).jpeg
box-de-regalo,"Ramos Personalizado - Modelo 68",,/Decoraciones/DECORACION/RAMOS/WhatsApp Image 2026-04-18 at 20.14.08.jpeg
globos-con-helio,"Globo Numerico + Set de Globos Morados + Globo Transparente con Helio",,/Decoraciones/DECORACION/GLOBOS CON HELIO/GLOBO NUMERICO + SET DE GLOBOS MORADOS + GLOBO TRANSPARENTE CON HELIO.jpeg
globos-con-helio,"Globos Numericos + Set de Globos Dorados y Rosados con Helio",,/Decoraciones/DECORACION/GLOBOS CON HELIO/GLOBOS NUMERICOS + SET DE GLOBOS DORADOS Y ROSADOS CON HELIO.jpeg
globos-con-helio,"Globos Numericos + Set de Globos Morados con Helio",,/Decoraciones/DECORACION/GLOBOS CON HELIO/GLOBOS NUMERICOS + SET DE GLOBOS MORADOS CON HELIO.jpeg
globos-con-helio,"Globos Numericos + Set de Globos Plateados con Helio",,/Decoraciones/DECORACION/GLOBOS CON HELIO/GLOBOS NUMERICOS + SET DE GLOBOS PLATEADOS CON HELIO.jpeg
globos-con-helio,"Globos Numericos + Set de Globos Rosado con Helio",,/Decoraciones/DECORACION/GLOBOS CON HELIO/GLOBOS NUMERICOS + SET DE GLOBOS ROSADO CON HELIO.jpeg
globos-con-helio,"Globos Numericos + Set de Globos Rosados y Transparente",,/Decoraciones/DECORACION/GLOBOS CON HELIO/GLOBOS NUMERICOS + SET DE GLOBOS ROSADOS Y TRANSPARENTE.jpeg
globos-con-helio,"Parante de Globo Numerico + Globos con Helio Rosado y Morado",,/Decoraciones/DECORACION/GLOBOS CON HELIO/PARANTE DE GLOBO NUMERICO + GLOBOS CON HELIO ROSADO-MORADO.jpeg
globos-con-helio,"Parante de Globos + Globo Numerico con Helio",,/Decoraciones/DECORACION/GLOBOS CON HELIO/PARANTE DE GLOBOS + GLOBO NUMERICO CON HELIO.jpeg
globos-con-helio,"Parante de Globos Numerico + Globos con Helio Azul y Plateado",,/Decoraciones/DECORACION/GLOBOS CON HELIO/PARANTE DE GLOBOS NUMERICO + GLOBOS CON HELIO AZUL-PLATEADO.jpeg
globos-con-helio,"Parante de Globos Numerico",,/Decoraciones/DECORACION/GLOBOS CON HELIO/PARANTE DE GLOBOS NUMERICO.jpeg
globos-con-helio,"Parante de Globos Personalizado",,/Decoraciones/DECORACION/GLOBOS CON HELIO/PARANTE DE GLOBOS PERSONALIZADO.jpeg
globos-con-helio,"Set de Globos con Helio + Globo Burbuja Azul",,/Decoraciones/DECORACION/GLOBOS CON HELIO/SET DE GLOBOS CON HELIO + GLOBO BURBUJA AZUL.jpeg
globos-con-helio,"Set de Globos con Helio Dorado y Melon + Globo Transparente",,/Decoraciones/DECORACION/GLOBOS CON HELIO/SET DE GLOBOS CON HELIO DORADO-MELON+ GLOBO TRANSPARENTE.jpeg
globos-con-helio,"Set de Globos con Helio Dorado y Rosado + Globo Burbuja",,/Decoraciones/DECORACION/GLOBOS CON HELIO/SET DE GLOBOS CON HELIO DORADO-ROSADO + GLOBO BURBUJA.jpeg
globos-con-helio,"Set de Globos con Helio Morados + + Globo Burbuja",,/Decoraciones/DECORACION/GLOBOS CON HELIO/SET DE GLOBOS CON HELIO MORADOS+  + GLOBO BURBUJA.jpeg
globos-con-helio,"Set de Globos con Helio",,/Decoraciones/DECORACION/GLOBOS CON HELIO/SET DE GLOBOS CON HELIO.jpeg
globos-con-helio,"Set de Globos de Estrellas y Corazones + Globo Burbuja con Helio",,/Decoraciones/DECORACION/GLOBOS CON HELIO/SET DE GLOBOS DE ESTRELLAS Y CORAZONES  + GLOBO BURBUJA CON HELIO.jpeg
globos-con-helio,"Set de Globos Numero + Corazones con Helio",,/Decoraciones/DECORACION/GLOBOS CON HELIO/SET DE GLOBOS NUMERO + CORAZONES CON HELIO.jpeg
globos-con-helio,"Set de Globos Numero + Estrellas con Helio",,/Decoraciones/DECORACION/GLOBOS CON HELIO/SET DE GLOBOS NUMERO + ESTRELLAS CON HELIO.jpeg
globos-con-helio,"Globos Con Helio Premium - Modelo 1",,/Decoraciones/DECORACION/GLOBOS CON HELIO/WhatsApp Image 2026-04-15 at 1.22.41 PM (1).jpeg
graduacion,"Decoraciones Exclusivo - Modelo 114",,/Decoraciones/DECORACION/GRADUACION/Decoraciones Exclusivo - Modelo 114.jpeg
graduacion,"Decoraciones Exclusivo - Modelo 9",,/Decoraciones/DECORACION/GRADUACION/Decoraciones Exclusivo - Modelo 9.jpeg
graduacion,"Decoraciones Personalizado - Modelo 40",,/Decoraciones/DECORACION/GRADUACION/Decoraciones Personalizado - Modelo 40.jpeg
graduacion,"Decoraciones Premium - Modelo 113",,/Decoraciones/DECORACION/GRADUACION/Decoraciones Premium - Modelo 113.jpeg
graduacion,"Decoraciones Exclusivo - Modelo 114",,/Decoraciones/DECORACION/DECORACIONES/WhatsApp Image 2026-04-15 at 1.22.39 PM (2).jpeg
graduacion,"Decoraciones Premium - Modelo 113",,/Decoraciones/DECORACION/DECORACIONES/WhatsApp Image 2026-04-15 at 1.22.38 PM.jpeg
graduacion,"Decoraciones Personalizado - Modelo 40",,/Decoraciones/DECORACION/DECORACIONES/WhatsApp Image 2026-04-15 at 1.21.58 PM.jpeg
graduacion,"Decoraciones Exclusivo - Modelo 9",,/Decoraciones/DECORACION/DECORACIONES/WhatsApp Image 2026-04-15 at 1.21.27 PM (2).jpeg
ramos,"Ramo Bouquet",,/Decoraciones/DECORACION/RAMOS/Ramo Bouquet.jpeg
ramos,"Ramo de Rosas con Globo",,/Decoraciones/DECORACION/RAMOS/RAMO DE ROSAS CON GLOBO.jpeg
ramos,"Ramo Personalizado",,/Decoraciones/DECORACION/RAMOS/RAMO PERSONALIZADO.jpeg
ramos,"Ramos Premium - Modelo 1",,/Decoraciones/DECORACION/RAMOS/WhatsApp Image 2026-04-15 at 1.22.56 PM (2).jpeg
ramos,"Ramos Exclusivo - Modelo 2",,/Decoraciones/DECORACION/RAMOS/WhatsApp Image 2026-04-15 at 1.22.57 PM (3).jpeg
ramos,"Ramos Hermoso - Modelo 3",,/Decoraciones/DECORACION/RAMOS/WhatsApp Image 2026-04-18 at 20.13.32 (1).jpeg
ramos,"Ramos Especial - Modelo 4",,/Decoraciones/DECORACION/RAMOS/WhatsApp Image 2026-04-18 at 20.13.32.jpeg
ramos,"Ramos Personalizado - Modelo 5",,/Decoraciones/DECORACION/RAMOS/WhatsApp Image 2026-04-18 at 20.13.33 (1).jpeg
ramos,"Ramos Moderno - Modelo 6",,/Decoraciones/DECORACION/RAMOS/WhatsApp Image 2026-04-18 at 20.13.33.jpeg
ramos,"Ramos Premium - Modelo 8",,/Decoraciones/DECORACION/RAMOS/WhatsApp Image 2026-04-18 at 20.13.34.jpeg
ramos,"Ramos Exclusivo - Modelo 9",,/Decoraciones/DECORACION/RAMOS/WhatsApp Image 2026-04-18 at 20.13.35 (1).jpeg
ramos,"Ramos Hermoso - Modelo 10",,/Decoraciones/DECORACION/RAMOS/WhatsApp Image 2026-04-18 at 20.13.35.jpeg
ramos,"Ramos Especial - Modelo 11",,/Decoraciones/DECORACION/RAMOS/WhatsApp Image 2026-04-18 at 20.13.36.jpeg
ramos,"Ramos Personalizado - Modelo 12",,/Decoraciones/DECORACION/RAMOS/WhatsApp Image 2026-04-18 at 20.13.37 (1).jpeg
ramos,"Ramos Moderno - Modelo 13",,/Decoraciones/DECORACION/RAMOS/WhatsApp Image 2026-04-18 at 20.13.37.jpeg
ramos,"Ramos Elegante - Modelo 14",,/Decoraciones/DECORACION/RAMOS/WhatsApp Image 2026-04-18 at 20.13.38 (1).jpeg
ramos,"Ramos Hermoso - Modelo 17",,/Decoraciones/DECORACION/RAMOS/WhatsApp Image 2026-04-18 at 20.13.39.jpeg
ramos,"Ramos Personalizado - Modelo 19",,/Decoraciones/DECORACION/RAMOS/WhatsApp Image 2026-04-18 at 20.13.40.jpeg
ramos,"Ramos Moderno - Modelo 20",,/Decoraciones/DECORACION/RAMOS/WhatsApp Image 2026-04-18 at 20.13.41 (1).jpeg
ramos,"Ramos Elegante - Modelo 21",,/Decoraciones/DECORACION/RAMOS/WhatsApp Image 2026-04-18 at 20.13.41.jpeg
ramos,"Ramos Premium - Modelo 22",,/Decoraciones/DECORACION/RAMOS/WhatsApp Image 2026-04-18 at 20.13.42 (1).jpeg
ramos,"Ramos Hermoso - Modelo 24",,/Decoraciones/DECORACION/RAMOS/WhatsApp Image 2026-04-18 at 20.13.43.jpeg
ramos,"Ramos Especial - Modelo 25",,/Decoraciones/DECORACION/RAMOS/WhatsApp Image 2026-04-18 at 20.13.44 (1).jpeg
ramos,"Ramos Personalizado - Modelo 26",,/Decoraciones/DECORACION/RAMOS/WhatsApp Image 2026-04-18 at 20.13.44.jpeg
ramos,"Ramos Moderno - Modelo 27",,/Decoraciones/DECORACION/RAMOS/WhatsApp Image 2026-04-18 at 20.13.45 (1).jpeg
ramos,"Ramos Elegante - Modelo 28",,/Decoraciones/DECORACION/RAMOS/WhatsApp Image 2026-04-18 at 20.13.45.jpeg
ramos,"Ramos Premium - Modelo 29",,/Decoraciones/DECORACION/RAMOS/WhatsApp Image 2026-04-18 at 20.13.46 (1).jpeg
ramos,"Ramos Exclusivo - Modelo 30",,/Decoraciones/DECORACION/RAMOS/WhatsApp Image 2026-04-18 at 20.13.46.jpeg
ramos,"Ramos Hermoso - Modelo 31",,/Decoraciones/DECORACION/RAMOS/WhatsApp Image 2026-04-18 at 20.13.47 (1).jpeg
ramos,"Ramos Moderno - Modelo 34",,/Decoraciones/DECORACION/RAMOS/WhatsApp Image 2026-04-18 at 20.13.48.jpeg
ramos,"Ramos Elegante - Modelo 35",,/Decoraciones/DECORACION/RAMOS/WhatsApp Image 2026-04-18 at 20.13.49 (1).jpeg
ramos,"Ramos Hermoso - Modelo 38",,/Decoraciones/DECORACION/RAMOS/WhatsApp Image 2026-04-18 at 20.13.51 (1).jpeg
ramos,"Ramos Especial - Modelo 39",,/Decoraciones/DECORACION/RAMOS/WhatsApp Image 2026-04-18 at 20.13.51.jpeg
ramos,"Ramos Personalizado - Modelo 40",,/Decoraciones/DECORACION/RAMOS/WhatsApp Image 2026-04-18 at 20.13.52 (1).jpeg
ramos,"Ramos Moderno - Modelo 41",,/Decoraciones/DECORACION/RAMOS/WhatsApp Image 2026-04-18 at 20.13.52.jpeg
ramos,"Ramos Elegante - Modelo 42",,/Decoraciones/DECORACION/RAMOS/WhatsApp Image 2026-04-18 at 20.13.53 (1).jpeg
ramos,"Ramos Especial - Modelo 46",,/Decoraciones/DECORACION/RAMOS/WhatsApp Image 2026-04-18 at 20.13.55.jpeg
ramos,"Ramos Moderno - Modelo 48",,/Decoraciones/DECORACION/RAMOS/WhatsApp Image 2026-04-18 at 20.13.57 (1).jpeg
ramos,"Ramos Premium - Modelo 50",,/Decoraciones/DECORACION/RAMOS/WhatsApp Image 2026-04-18 at 20.13.58 (1).jpeg
ramos,"Ramos Exclusivo - Modelo 51",,/Decoraciones/DECORACION/RAMOS/WhatsApp Image 2026-04-18 at 20.13.58.jpeg
ramos,"Ramos Hermoso - Modelo 52",,/Decoraciones/DECORACION/RAMOS/WhatsApp Image 2026-04-18 at 20.13.59 (1).jpeg
ramos,"Ramos Especial - Modelo 53",,/Decoraciones/DECORACION/RAMOS/WhatsApp Image 2026-04-18 at 20.13.59.jpeg
ramos,"Ramos Personalizado - Modelo 54",,/Decoraciones/DECORACION/RAMOS/WhatsApp Image 2026-04-18 at 20.14.00.jpeg
ramos,"Ramos Elegante - Modelo 56",,/Decoraciones/DECORACION/RAMOS/WhatsApp Image 2026-04-18 at 20.14.01.jpeg
ramos,"Ramos Premium - Modelo 57",,/Decoraciones/DECORACION/RAMOS/WhatsApp Image 2026-04-18 at 20.14.02.jpeg
ramos,"Ramos Personalizado - Modelo 61",,/Decoraciones/DECORACION/RAMOS/WhatsApp Image 2026-04-18 at 20.14.04.jpeg
ramos,"Ramos Moderno - Modelo 62",,/Decoraciones/DECORACION/RAMOS/WhatsApp Image 2026-04-18 at 20.14.05 (1).jpeg
ramos,"Ramos Elegante - Modelo 63",,/Decoraciones/DECORACION/RAMOS/WhatsApp Image 2026-04-18 at 20.14.05.jpeg
ramos,"Ramos Premium - Modelo 64",,/Decoraciones/DECORACION/RAMOS/WhatsApp Image 2026-04-18 at 20.14.06 (1).jpeg
ramos,"Ramos Especial - Modelo 67",,/Decoraciones/DECORACION/RAMOS/WhatsApp Image 2026-04-18 at 20.14.08 (1).jpeg
ramos,"Ramos Moderno - Modelo 69",,/Decoraciones/DECORACION/RAMOS/WhatsApp Image 2026-04-18 at 20.14.09.jpeg
ramos,"Ramos Elegante - Modelo 70",,/Decoraciones/DECORACION/RAMOS/WhatsApp Image 2026-04-18 at 20.14.10 (1).jpeg
ramos,"Ramos Premium - Modelo 71",,/Decoraciones/DECORACION/RAMOS/WhatsApp Image 2026-04-18 at 20.14.10.jpeg
ramos,"Ramos Exclusivo - Modelo 72",,/Decoraciones/DECORACION/RAMOS/WhatsApp Image 2026-04-18 at 20.14.11 (1).jpeg
ramos,"Ramos Hermoso - Modelo 73",,/Decoraciones/DECORACION/RAMOS/WhatsApp Image 2026-04-18 at 20.14.11.jpeg
ramos,"Ramos Exclusivo - Modelo 79",,/Decoraciones/DECORACION/RAMOS/WhatsApp Image 2026-04-18 at 20.14.15 (1).jpeg
ramos,"Ramos Hermoso - Modelo 80",,/Decoraciones/DECORACION/RAMOS/WhatsApp Image 2026-04-18 at 20.14.15.jpeg
ramos,"Ramos Especial - Modelo 81",,/Decoraciones/DECORACION/RAMOS/WhatsApp Image 2026-04-18 at 20.14.16 (1).jpeg
ramos,"Ramos Personalizado - Modelo 82",,/Decoraciones/DECORACION/RAMOS/WhatsApp Image 2026-04-18 at 20.14.16.jpeg
ramos,"Ramos Moderno - Modelo 83",,/Decoraciones/DECORACION/RAMOS/WhatsApp Image 2026-04-18 at 20.14.17.jpeg
ramos,"Ramos Elegante - Modelo 84",,/Decoraciones/DECORACION/RAMOS/WhatsApp Image 2026-04-18 at 20.14.18 (1).jpeg
ramos,"Ramos Exclusivo - Modelo 86",,/Decoraciones/DECORACION/RAMOS/WhatsApp Image 2026-04-18 at 20.14.19 (1).jpeg
ramos,"Ramos Hermoso - Modelo 87",,/Decoraciones/DECORACION/RAMOS/WhatsApp Image 2026-04-18 at 20.14.19.jpeg
ramos,"Ramos Personalizado - Modelo 89",,/Decoraciones/DECORACION/RAMOS/WhatsApp Image 2026-04-18 at 20.14.20.jpeg
ramos,"Ramos Moderno - Modelo 90",,/Decoraciones/DECORACION/RAMOS/WhatsApp Image 2026-04-18 at 20.14.21.jpeg
ramos,"Ramos Elegante - Modelo 91",,/Decoraciones/DECORACION/RAMOS/WhatsApp Image 2026-04-18 at 20.14.22 (1).jpeg
ramos,"Ramos Premium - Modelo 92",,/Decoraciones/DECORACION/RAMOS/WhatsApp Image 2026-04-18 at 20.14.22.jpeg
ramos,"Ramos Hermoso - Modelo 94",,/Decoraciones/DECORACION/RAMOS/WhatsApp Image 2026-04-18 at 20.14.23.jpeg
ramos,"Ramos Especial - Modelo 95",,/Decoraciones/DECORACION/RAMOS/WhatsApp Image 2026-04-18 at 20.14.24.jpeg
ramos,"Ramos Personalizado - Modelo 96",,/Decoraciones/DECORACION/RAMOS/WhatsApp Image 2026-04-18 at 20.14.25 (1).jpeg
ramos,"Ramos Moderno - Modelo 97",,/Decoraciones/DECORACION/RAMOS/WhatsApp Image 2026-04-18 at 20.14.25.jpeg
ramos,"Ramos Elegante - Modelo 98",,/Decoraciones/DECORACION/RAMOS/WhatsApp Image 2026-04-18 at 20.14.26.jpeg
ramos,"Ramos Premium - Modelo 99",,/Decoraciones/DECORACION/RAMOS/WhatsApp Image 2026-04-18 at 20.27.11.jpeg
ramos,"Ramos Exclusivo - Modelo 100",,/Decoraciones/DECORACION/RAMOS/WhatsApp Image 2026-04-18 at 20.29.54.jpeg
